Site.Key,M.Year,Product.Simple,Plant.Start,Plant.End
-11.3769 -37.6739 B1000,2001,maize,,
-11.3769 -37.6739 B1000,2001,maize,,
-11.3769 -37.6739 B1000,2001,maize,,
-11.3769 -37.6739 B1000,2002,maize,,
-11.3769 -37.6739 B1000,2002,maize,,
-11.3769 -37.6739 B1000,2002,maize,,
-11.3769 -37.6739 B1000,2003,maize,,
-11.3769 -37.6739 B1000,2003,maize,,
-11.3769 -37.6739 B1000,2003,maize,,
-11.7666 -45.7243 B500,2009,coffee,,
-11.7666 -45.7243 B500,2009,coffee,,
-11.7666 -45.7243 B500,2009,coffee,,
-11.7666 -45.7243 B500,2009,coffee,,
-14.8683 -40.7486 B500,2016,maize,2016-02-01,2016-03-31
-14.8683 -40.7486 B500,2016,maize,2016-02-01,2016-03-31
-14.8683 -40.7486 B500,2016,maize,2016-02-01,2016-03-31
-14.8683 -40.7486 B500,2016,maize,2016-02-01,2016-03-31
-14.8683 -40.7486 B500,2016,maize,2016-02-01,2016-03-31
-14.8683 -40.7486 B500,2016,maize,2016-02-01,2016-03-31
-14.8683 -40.7486 B500,2016,maize,2016-02-01,2016-03-31
-14.8683 -40.7486 B500,2016,maize,2016-02-01,2016-03-31
-14.8683 -40.7486 B500,2016,maize,2016-02-01,2016-03-31
-14.8683 -40.7486 B500,2016,maize,2016-02-01,2016-03-31
-14.8683 -40.7486 B500,2016,maize,2016-02-01,2016-03-31
-14.8683 -40.7486 B500,2016,maize,2016-02-01,2016-03-31
-14.8683 -40.7486 B500,2016,maize,2016-02-01,2016-03-31
-14.8683 -40.7486 B500,2016,maize,2016-02-01,2016-03-31
-14.8683 -40.7486 B500,2016,maize,2016-02-01,2016-03-31
-14.8683 -40.7486 B500,2016,maize,2016-02-01,2016-03-31
-14.8683 -40.7486 B500,2016,maize,2016-02-01,2016-03-31
-14.8683 -40.7486 B500,2016,maize,2016-02-01,2016-03-31
-14.8683 -40.7486 B500,2016,maize,2016-02-01,2016-03-31
-14.8683 -40.7486 B500,2016,maize,2016-02-01,2016-03-31
-15.5844 -47.7308 B1500,2011..2012,coffee,,
-15.5844 -47.7308 B1500,2011..2012,coffee,,
-15.5844 -47.7308 B1500,2011..2012,coffee,,
-15.5844 -47.7308 B1500,2011..2012,coffee,,
-15.5844 -47.7308 B1500,2011..2012,coffee,,
-15.6009 -47.7143 B1000,2005S..2007S..2009S..2011S,maize,,
-15.6009 -47.7143 B1000,2005S..2007S..2009S..2011S,maize,,
-15.6009 -47.7143 B1000,2005S..2007S..2009S..2011S,maize,,
-15.6009 -47.7143 B1000,2005S..2007S..2009S..2011S,maize,,
-15.6009 -47.7143 B1000,2005S..2007S..2009S..2011S,maize,,
-15.6009 -47.7143 B1000,2005S..2007S..2009S..2011S,maize,,
-15.6009 -47.7143 B1000,2005S..2007S..2009S..2011S,maize,,
-15.6009 -47.7143 B1000,2005S..2007S..2009S..2011S,maize,,
-15.6009 -47.7143 B1000,2005S..2007S..2009S..2011S,maize,,
-15.6009 -47.7143 B1000,2005S..2007S..2009S..2011S,maize,,
-15.6009 -47.7143 B1000,2005S..2007S..2009S..2011S,maize,,
-15.6009 -47.7143 B1000,2005S..2007S..2009S..2011S,maize,,
-15.6009 -47.7143 B1000,2005S..2007S..2009S..2011S,maize,,
-15.6009 -47.7143 B1000,2005S..2007S..2009S..2011S,maize,,
-15.6009 -47.7143 B1000,2005S..2007S..2009S..2011S,maize,,
-15.6009 -47.7143 B1000,2005S..2007S..2009S..2011S,maize,,
-17.6424 -43.3317 B26000,2011,common bean,2010-05-01,2011-04-28
-17.6424 -43.3317 B26000,2011,common bean,2010-05-01,2011-04-28
-17.6424 -43.3317 B26000,2011,maize,2010-05-01,2011-04-28
-17.6424 -43.3317 B26000,2011,maize,2010-05-01,2011-04-28
-19.4167 -47.9833 B54000,2010,maize,2009-10-20,2009-10-30
-19.4167 -47.9833 B54000,2010,maize,2009-10-20,2009-10-30
-19.4167 -47.9833 B54000,2010,maize,2009-10-20,2009-10-30
-19.4167 -47.9833 B54000,2010,maize,2009-10-20,2009-10-30
-19.4167 -47.9833 B54000,2010,maize,2009-10-20,2009-10-30
-19.4167 -47.9833 B54000,2010,maize,2009-10-20,2009-10-30
-19.4667 -44.2522 B20000,2005W..2006W..2007W,maize,,
-19.4667 -44.2522 B20000,2005W..2006W..2007W,maize,,
-19.4667 -44.2522 B20000,2005W..2006W..2007W,maize,,
-19.4667 -44.2522 B20000,2005W..2006W..2007W,maize,,
-19.4667 -44.2522 B20000,2005W..2006W..2007W,maize,,
-19.4667 -44.2522 B20000,2005W..2006W..2007W,maize,,
-2.6833 -60.8419 B25000,2006W..2007W,maize,,
-2.6833 -60.8419 B25000,2006W..2007W,maize,,
-20.6069 -42.1457 B10000,2005..2006..2007,coffee,,
-20.6069 -42.1457 B10000,2007..2008..2009,coffee,,
-20.6577 -42.5007 B15000,2005..2006..2007,coffee,,
-20.6577 -42.5007 B15000,2007..2008..2009,coffee,,
-20.7591 -42.9058 B5000,2013,coffee,,
-20.7591 -42.9058 B5000,2013,coffee,,
-20.7591 -42.9058 B5000,2013,coffee,,
-20.7591 -42.9058 B5000,2013,coffee,,
-20.7591 -42.9058 B5000,2014,coffee,,
-20.7591 -42.9058 B5000,2014,coffee,,
-20.7591 -42.9058 B5000,2014,coffee,,
-20.7591 -42.9058 B5000,2014,coffee,,
-22.3500 -48.3667 B1000,2008,coffee,,
-22.3500 -48.3667 B1000,2008,coffee,,
-22.3500 -48.3667 B1000,2008,coffee,,
-22.3500 -48.3667 B1000,2008,coffee,,
-22.3500 -48.3667 B1000,2008,coffee,,
-22.3500 -48.3667 B1000,2008,coffee,,
-22.3500 -48.3667 B1000,2009,coffee,,
-22.3500 -48.3667 B1000,2009,coffee,,
-22.3500 -48.3667 B1000,2009,coffee,,
-22.3500 -48.3667 B1000,2009,coffee,,
-22.3500 -48.3667 B1000,2009,coffee,,
-22.3500 -48.3667 B1000,2009,coffee,,
-22.3500 -48.3667 B1000,2010,coffee,,
-22.3500 -48.3667 B1000,2010,coffee,,
-22.3500 -48.3667 B1000,2010,coffee,,
-22.3500 -48.3667 B1000,2010,coffee,,
-22.3500 -48.3667 B1000,2010,coffee,,
-22.3500 -48.3667 B1000,2010,coffee,,
-22.3500 -48.3667 B1000,2011,coffee,,
-22.3500 -48.3667 B1000,2011,coffee,,
-22.3500 -48.3667 B1000,2011,coffee,,
-22.3500 -48.3667 B1000,2011,coffee,,
-22.3500 -48.3667 B1000,2011,coffee,,
-22.3500 -48.3667 B1000,2011,coffee,,
-22.3500 -48.3667 B1000,2013,coffee,,
-22.3500 -48.3667 B1000,2013,coffee,,
-22.3500 -48.3667 B1000,2013,coffee,,
-22.3500 -48.3667 B1000,2013,coffee,,
-22.3500 -48.3667 B1000,2013,coffee,,
-22.3500 -48.3667 B1000,2013,coffee,,
-22.3500 -48.3667 B1000,2013,coffee,,
-22.3500 -48.3667 B1000,2013,coffee,,
-22.3500 -48.3667 B1000,2013,coffee,,
-22.3500 -48.3667 B1000,2013,coffee,,
-22.3500 -48.3667 B1000,2013,coffee,,
-22.3500 -48.3667 B1000,2013,coffee,,
-22.3500 -48.3667 B1000,2016,coffee,,
-22.3500 -48.3667 B1000,2016,coffee,,
-22.3500 -48.3667 B1000,2016,coffee,,
-22.3500 -48.3667 B1000,2016,coffee,,
-22.3500 -48.3667 B1000,2016,coffee,,
-22.3500 -48.3667 B1000,2016,coffee,,
-22.3500 -48.3667 B1000,2017,coffee,,
-22.3500 -48.3667 B1000,2017,coffee,,
-22.3500 -48.3667 B1000,2017,coffee,,
-22.3500 -48.3667 B1000,2017,coffee,,
-22.3500 -48.3667 B1000,2017,coffee,,
-22.3500 -48.3667 B1000,2017,coffee,,
-22.3577 -48.3640 B2500,2010,coffee,,
-22.3577 -48.3640 B2500,2011,coffee,,
-22.3577 -48.3640 B2500,2011,coffee,,
-22.3577 -48.3640 B2500,2011,coffee,,
-22.3577 -48.3640 B2500,2012,coffee,,
-22.3577 -48.3640 B2500,2012,coffee,,
-22.3577 -48.3640 B2500,2012,coffee,,
-22.7439 -43.7078 B30000,2005W..2006W..2007W,maize,,
-22.7439 -43.7078 B30000,2005W..2006W..2007W,maize,,
-22.7439 -43.7078 B30000,2005W..2006W..2007W,maize,,
-22.7439 -43.7078 B30000,2005W..2006W..2007W,maize,,
-22.7439 -43.7078 B30000,2005W..2006W..2007W,maize,,
-22.7439 -43.7078 B30000,2005W..2006W..2007W,maize,,
-22.7439 -43.7078 B30000,2005W..2006W..2007W,maize,,
-22.7439 -43.7078 B30000,2005W..2006W..2007W,maize,,
-22.8399 -48.4420 B600,2005..2006,maize,,
-22.8399 -48.4420 B600,2005..2006,maize,,
-22.8399 -48.4420 B600,2005..2006,maize,,
-22.8500 -48.3833 B400,2005..2006,maize,,
-22.8500 -48.3833 B400,2005..2006,maize,,
-22.8500 -48.4333 B4000,1986 SP-SM..1986 FL-WT..1987 SP-SM..1987 FL-WT..1988 SP-SM..1988 FL-WT..1989 SP-SM..1989 FL-WT..1990 SP-SM..1990 FL-WT..1991 SP-SM..1991 FL-WT..1992 SP-SM..1992 FL-WT..1993 SP-SM..1993 FL-WT..1994 SP-SM..1994 FL-WT..1995 SP-SM..1995 FL-WT..1996 SP-SM..1996 FL-WT..1997 SP-SM..1997 FL-WT..1998 SP-SM..1998 FL-WT..1999 SP-SM..1999 FL-WT..2000 SP-SM..2000 FL-WT..2001 SP-SM..2001 FL-WT..2002 SP-SM..2002 FL-WT..2003 SP-SM..2003 FL-WT..2004 SP-SM..2004 FL-WT..2005 SP-SM..2005 FL-WT..2006 SP-SM..2006 FL-WT..2007 SP-SM..2007 FL-WT..2008 SP-SM..2008 FL-WT..2009 SP-SM..2009 FL-WT,common bean,,
-22.8500 -48.4333 B4000,1986 SP-SM..1986 FL-WT..1987 SP-SM..1987 FL-WT..1988 SP-SM..1988 FL-WT..1989 SP-SM..1989 FL-WT..1990 SP-SM..1990 FL-WT..1991 SP-SM..1991 FL-WT..1992 SP-SM..1992 FL-WT..1993 SP-SM..1993 FL-WT..1994 SP-SM..1994 FL-WT..1995 SP-SM..1995 FL-WT..1996 SP-SM..1996 FL-WT..1997 SP-SM..1997 FL-WT..1998 SP-SM..1998 FL-WT..1999 SP-SM..1999 FL-WT..2000 SP-SM..2000 FL-WT..2001 SP-SM..2001 FL-WT..2002 SP-SM..2002 FL-WT..2003 SP-SM..2003 FL-WT..2004 SP-SM..2004 FL-WT..2005 SP-SM..2005 FL-WT..2006 SP-SM..2006 FL-WT..2007 SP-SM..2007 FL-WT..2008 SP-SM..2008 FL-WT..2009 SP-SM..2009 FL-WT,common bean,,
-22.8500 -48.4333 B4000,1986 SP-SM..1986 FL-WT..1987 SP-SM..1987 FL-WT..1988 SP-SM..1988 FL-WT..1989 SP-SM..1989 FL-WT..1990 SP-SM..1990 FL-WT..1991 SP-SM..1991 FL-WT..1992 SP-SM..1992 FL-WT..1993 SP-SM..1993 FL-WT..1994 SP-SM..1994 FL-WT..1995 SP-SM..1995 FL-WT..1996 SP-SM..1996 FL-WT..1997 SP-SM..1997 FL-WT..1998 SP-SM..1998 FL-WT..1999 SP-SM..1999 FL-WT..2000 SP-SM..2000 FL-WT..2001 SP-SM..2001 FL-WT..2002 SP-SM..2002 FL-WT..2003 SP-SM..2003 FL-WT..2004 SP-SM..2004 FL-WT..2005 SP-SM..2005 FL-WT..2006 SP-SM..2006 FL-WT..2007 SP-SM..2007 FL-WT..2008 SP-SM..2008 FL-WT..2009 SP-SM..2009 FL-WT,common bean,,
-22.8500 -48.4333 B4000,1986 SP-SM..1986 FL-WT..1987 SP-SM..1987 FL-WT..1988 SP-SM..1988 FL-WT..1989 SP-SM..1989 FL-WT..1990 SP-SM..1990 FL-WT..1991 SP-SM..1991 FL-WT..1992 SP-SM..1992 FL-WT..1993 SP-SM..1993 FL-WT..1994 SP-SM..1994 FL-WT..1995 SP-SM..1995 FL-WT..1996 SP-SM..1996 FL-WT..1997 SP-SM..1997 FL-WT..1998 SP-SM..1998 FL-WT..1999 SP-SM..1999 FL-WT..2000 SP-SM..2000 FL-WT..2001 SP-SM..2001 FL-WT..2002 SP-SM..2002 FL-WT..2003 SP-SM..2003 FL-WT..2004 SP-SM..2004 FL-WT..2005 SP-SM..2005 FL-WT..2006 SP-SM..2006 FL-WT..2007 SP-SM..2007 FL-WT..2008 SP-SM..2008 FL-WT..2009 SP-SM..2009 FL-WT,common bean,,
-22.8500 -48.4333 B4000,1986 SP-SM..1986 FL-WT..1987 SP-SM..1987 FL-WT..1988 SP-SM..1988 FL-WT..1989 SP-SM..1989 FL-WT..1990 SP-SM..1990 FL-WT..1991 SP-SM..1991 FL-WT..1992 SP-SM..1992 FL-WT..1993 SP-SM..1993 FL-WT..1994 SP-SM..1994 FL-WT..1995 SP-SM..1995 FL-WT..1996 SP-SM..1996 FL-WT..1997 SP-SM..1997 FL-WT..1998 SP-SM..1998 FL-WT..1999 SP-SM..1999 FL-WT..2000 SP-SM..2000 FL-WT..2001 SP-SM..2001 FL-WT..2002 SP-SM..2002 FL-WT..2003 SP-SM..2003 FL-WT..2004 SP-SM..2004 FL-WT..2005 SP-SM..2005 FL-WT..2006 SP-SM..2006 FL-WT..2007 SP-SM..2007 FL-WT..2008 SP-SM..2008 FL-WT..2009 SP-SM..2009 FL-WT,common bean,,
-22.8500 -48.4333 B4000,1986 SP-SM..1986 FL-WT..1987 SP-SM..1987 FL-WT..1988 SP-SM..1988 FL-WT..1989 SP-SM..1989 FL-WT..1990 SP-SM..1990 FL-WT..1991 SP-SM..1991 FL-WT..1992 SP-SM..1992 FL-WT..1993 SP-SM..1993 FL-WT..1994 SP-SM..1994 FL-WT..1995 SP-SM..1995 FL-WT..1996 SP-SM..1996 FL-WT..1997 SP-SM..1997 FL-WT..1998 SP-SM..1998 FL-WT..1999 SP-SM..1999 FL-WT..2000 SP-SM..2000 FL-WT..2001 SP-SM..2001 FL-WT..2002 SP-SM..2002 FL-WT..2003 SP-SM..2003 FL-WT..2004 SP-SM..2004 FL-WT..2005 SP-SM..2005 FL-WT..2006 SP-SM..2006 FL-WT..2007 SP-SM..2007 FL-WT..2008 SP-SM..2008 FL-WT..2009 SP-SM..2009 FL-WT,common bean,,
-22.8500 -48.4333 B4000,1986 SP-SM..1986 FL-WT..1987 SP-SM..1987 FL-WT..1988 SP-SM..1988 FL-WT..1989 SP-SM..1989 FL-WT..1990 SP-SM..1990 FL-WT..1991 SP-SM..1991 FL-WT..1992 SP-SM..1992 FL-WT..1993 SP-SM..1993 FL-WT..1994 SP-SM..1994 FL-WT..1995 SP-SM..1995 FL-WT..1996 SP-SM..1996 FL-WT..1997 SP-SM..1997 FL-WT..1998 SP-SM..1998 FL-WT..1999 SP-SM..1999 FL-WT..2000 SP-SM..2000 FL-WT..2001 SP-SM..2001 FL-WT..2002 SP-SM..2002 FL-WT..2003 SP-SM..2003 FL-WT..2004 SP-SM..2004 FL-WT..2005 SP-SM..2005 FL-WT..2006 SP-SM..2006 FL-WT..2007 SP-SM..2007 FL-WT..2008 SP-SM..2008 FL-WT..2009 SP-SM..2009 FL-WT,common bean,,
-22.8500 -48.4333 B4000,1986 SP-SM..1986 FL-WT..1987 SP-SM..1987 FL-WT..1988 SP-SM..1988 FL-WT..1989 SP-SM..1989 FL-WT..1990 SP-SM..1990 FL-WT..1991 SP-SM..1991 FL-WT..1992 SP-SM..1992 FL-WT..1993 SP-SM..1993 FL-WT..1994 SP-SM..1994 FL-WT..1995 SP-SM..1995 FL-WT..1996 SP-SM..1996 FL-WT..1997 SP-SM..1997 FL-WT..1998 SP-SM..1998 FL-WT..1999 SP-SM..1999 FL-WT..2000 SP-SM..2000 FL-WT..2001 SP-SM..2001 FL-WT..2002 SP-SM..2002 FL-WT..2003 SP-SM..2003 FL-WT..2004 SP-SM..2004 FL-WT..2005 SP-SM..2005 FL-WT..2006 SP-SM..2006 FL-WT..2007 SP-SM..2007 FL-WT..2008 SP-SM..2008 FL-WT..2009 SP-SM..2009 FL-WT,common bean,,
-22.8500 -48.4333 B4000,1986 SP-SM..1986 FL-WT..1987 SP-SM..1987 FL-WT..1988 SP-SM..1988 FL-WT..1989 SP-SM..1989 FL-WT..1990 SP-SM..1990 FL-WT..1991 SP-SM..1991 FL-WT..1992 SP-SM..1992 FL-WT..1993 SP-SM..1993 FL-WT..1994 SP-SM..1994 FL-WT..1995 SP-SM..1995 FL-WT..1996 SP-SM..1996 FL-WT..1997 SP-SM..1997 FL-WT..1998 SP-SM..1998 FL-WT..1999 SP-SM..1999 FL-WT..2000 SP-SM..2000 FL-WT..2001 SP-SM..2001 FL-WT..2002 SP-SM..2002 FL-WT..2003 SP-SM..2003 FL-WT..2004 SP-SM..2004 FL-WT..2005 SP-SM..2005 FL-WT..2006 SP-SM..2006 FL-WT..2007 SP-SM..2007 FL-WT..2008 SP-SM..2008 FL-WT..2009 SP-SM..2009 FL-WT,common bean,,
-22.8500 -48.4333 B4000,1986 SP-SM..1986 FL-WT..1987 SP-SM..1987 FL-WT..1988 SP-SM..1988 FL-WT..1989 SP-SM..1989 FL-WT..1990 SP-SM..1990 FL-WT..1991 SP-SM..1991 FL-WT..1992 SP-SM..1992 FL-WT..1993 SP-SM..1993 FL-WT..1994 SP-SM..1994 FL-WT..1995 SP-SM..1995 FL-WT..1996 SP-SM..1996 FL-WT..1997 SP-SM..1997 FL-WT..1998 SP-SM..1998 FL-WT..1999 SP-SM..1999 FL-WT..2000 SP-SM..2000 FL-WT..2001 SP-SM..2001 FL-WT..2002 SP-SM..2002 FL-WT..2003 SP-SM..2003 FL-WT..2004 SP-SM..2004 FL-WT..2005 SP-SM..2005 FL-WT..2006 SP-SM..2006 FL-WT..2007 SP-SM..2007 FL-WT..2008 SP-SM..2008 FL-WT..2009 SP-SM..2009 FL-WT,common bean,,
-22.8500 -48.4333 B4000,1986 SP-SM..1986 FL-WT..1987 SP-SM..1987 FL-WT..1988 SP-SM..1988 FL-WT..1989 SP-SM..1989 FL-WT..1990 SP-SM..1990 FL-WT..1991 SP-SM..1991 FL-WT..1992 SP-SM..1992 FL-WT..1993 SP-SM..1993 FL-WT..1994 SP-SM..1994 FL-WT..1995 SP-SM..1995 FL-WT..1996 SP-SM..1996 FL-WT..1997 SP-SM..1997 FL-WT..1998 SP-SM..1998 FL-WT..1999 SP-SM..1999 FL-WT..2000 SP-SM..2000 FL-WT..2001 SP-SM..2001 FL-WT..2002 SP-SM..2002 FL-WT..2003 SP-SM..2003 FL-WT..2004 SP-SM..2004 FL-WT..2005 SP-SM..2005 FL-WT..2006 SP-SM..2006 FL-WT..2007 SP-SM..2007 FL-WT..2008 SP-SM..2008 FL-WT..2009 SP-SM..2009 FL-WT,common bean,,
-22.8500 -48.4333 B4000,1986 SP-SM..1986 FL-WT..1987 SP-SM..1987 FL-WT..1988 SP-SM..1988 FL-WT..1989 SP-SM..1989 FL-WT..1990 SP-SM..1990 FL-WT..1991 SP-SM..1991 FL-WT..1992 SP-SM..1992 FL-WT..1993 SP-SM..1993 FL-WT..1994 SP-SM..1994 FL-WT..1995 SP-SM..1995 FL-WT..1996 SP-SM..1996 FL-WT..1997 SP-SM..1997 FL-WT..1998 SP-SM..1998 FL-WT..1999 SP-SM..1999 FL-WT..2000 SP-SM..2000 FL-WT..2001 SP-SM..2001 FL-WT..2002 SP-SM..2002 FL-WT..2003 SP-SM..2003 FL-WT..2004 SP-SM..2004 FL-WT..2005 SP-SM..2005 FL-WT..2006 SP-SM..2006 FL-WT..2007 SP-SM..2007 FL-WT..2008 SP-SM..2008 FL-WT..2009 SP-SM..2009 FL-WT,common bean,,
-22.8500 -48.4333 B4000,1986 SP-SM..1986 FL-WT..1987 SP-SM..1987 FL-WT..1988 SP-SM..1988 FL-WT..1989 SP-SM..1989 FL-WT..1990 SP-SM..1990 FL-WT..1991 SP-SM..1991 FL-WT..1992 SP-SM..1992 FL-WT..1993 SP-SM..1993 FL-WT..1994 SP-SM..1994 FL-WT..1995 SP-SM..1995 FL-WT..1996 SP-SM..1996 FL-WT..1997 SP-SM..1997 FL-WT..1998 SP-SM..1998 FL-WT..1999 SP-SM..1999 FL-WT..2000 SP-SM..2000 FL-WT..2001 SP-SM..2001 FL-WT..2002 SP-SM..2002 FL-WT..2003 SP-SM..2003 FL-WT..2004 SP-SM..2004 FL-WT..2005 SP-SM..2005 FL-WT..2006 SP-SM..2006 FL-WT..2007 SP-SM..2007 FL-WT..2008 SP-SM..2008 FL-WT..2009 SP-SM..2009 FL-WT,common bean,,
-22.8500 -48.4333 B4000,1986 SP-SM..1986 FL-WT..1987 SP-SM..1987 FL-WT..1988 SP-SM..1988 FL-WT..1989 SP-SM..1989 FL-WT..1990 SP-SM..1990 FL-WT..1991 SP-SM..1991 FL-WT..1992 SP-SM..1992 FL-WT..1993 SP-SM..1993 FL-WT..1994 SP-SM..1994 FL-WT..1995 SP-SM..1995 FL-WT..1996 SP-SM..1996 FL-WT..1997 SP-SM..1997 FL-WT..1998 SP-SM..1998 FL-WT..1999 SP-SM..1999 FL-WT..2000 SP-SM..2000 FL-WT..2001 SP-SM..2001 FL-WT..2002 SP-SM..2002 FL-WT..2003 SP-SM..2003 FL-WT..2004 SP-SM..2004 FL-WT..2005 SP-SM..2005 FL-WT..2006 SP-SM..2006 FL-WT..2007 SP-SM..2007 FL-WT..2008 SP-SM..2008 FL-WT..2009 SP-SM..2009 FL-WT,common bean,,
-22.8500 -48.4333 B4500,2006..2007,maize,,
-22.8500 -48.4333 B4500,2006..2007,maize,,
-23.0500 -49.2333 B38000,2016,coffee,,
-23.0500 -49.2333 B38000,2016,coffee,,
-23.0500 -49.2333 B38000,2016,coffee,,
-23.0500 -49.2333 B38000,2016,coffee,,
-23.0500 -49.2333 B38000,2017,coffee,,
-23.0500 -49.2333 B38000,2017,coffee,,
-23.0500 -49.2333 B38000,2017,coffee,,
-23.0500 -49.2333 B38000,2017,coffee,,
-23.0500 -49.2333 B38000,2018,coffee,,
-23.0500 -49.2333 B38000,2018,coffee,,
-23.0500 -49.2333 B38000,2018,coffee,,
-23.0500 -49.2333 B38000,2018,coffee,,
-23.0500 -49.2333 B38000,2019,coffee,,
-23.0500 -49.2333 B38000,2019,coffee,,
-23.0500 -49.2333 B38000,2019,coffee,,
-23.0500 -49.2333 B38000,2019,coffee,,
-23.0500 -49.2333 B38000,2020,coffee,,
-23.0500 -49.2333 B38000,2020,coffee,,
-23.0500 -49.2333 B38000,2020,coffee,,
-23.0500 -49.2333 B38000,2020,coffee,,
-23.3561 -51.1636 B500,2010..2011..2012..2013..2014..2015..2016,coffee,,
-24.0667 -49.1556 B500,2011,maize,2010-07-01,2011-06-30
-24.0667 -49.1556 B500,2011,maize,2010-07-01,2011-06-30
-24.0667 -49.1556 B500,2011,maize,2010-07-01,2011-06-30
-24.0667 -49.1556 B500,2011,maize,2010-07-01,2011-06-30
-24.0667 -49.1556 B500,2011,maize,2010-07-01,2011-06-30
-24.0667 -49.1556 B500,2011,maize,2010-07-01,2011-06-30
-24.0667 -49.1556 B500,2011,maize,2010-07-01,2011-06-30
-24.0667 -49.1556 B500,2011,maize,2010-07-01,2011-06-30
-25.1667 -50.0833 B7000,2011 Summer..2012 Summer,common bean,,
-25.1667 -50.0833 B7000,2011 Summer..2012 Summer,common bean,,
-25.1667 -50.0833 B7000,2011 Summer..2012 Summer,common bean,,
-25.1667 -50.0833 B7000,2011 Summer..2012 Summer,common bean,,
-25.1667 -50.0833 B7000,2011 Summer..2012 Summer,common bean,,
-25.1667 -50.0833 B7000,2011 Summer..2012 Summer,common bean,,
-25.1667 -50.0833 B7000,2011 Summer..2012 Summer,common bean,,
-25.1667 -50.0833 B7000,2011 Summer..2012 Summer,common bean,,
-25.1667 -50.0833 B7000,2011 Summer..2012 Summer,common bean,,
-25.1667 -50.0833 B7000,2011 Summer..2012 Summer,common bean,,
-25.1667 -50.0833 B7000,2011 Summer..2012 Summer,common bean,,
-25.1667 -50.0833 B7000,2011 Summer..2012 Summer,common bean,,
-25.1667 -50.0833 B7000,2011 Summer..2012 Summer,common bean,,
-25.1667 -50.0833 B7000,2011 Summer..2012 Summer,common bean,,
-25.1667 -50.0833 B7000,2011 Summer..2012 Summer,common bean,,
-25.1667 -50.0833 B7000,2011 Summer..2012 Summer,common bean,,
-25.1667 -50.0833 B7000,2011 Summer..2012 Summer,common bean,,
-25.1667 -50.0833 B7000,2011 Summer..2012 Summer,common bean,,
-25.1667 -50.0833 B7000,2011 Summer..2012 Summer,common bean,,
-25.1667 -50.0833 B7000,2011 Summer..2012 Summer,common bean,,
-25.1667 -50.0833 B7000,2011 Summer..2012 Summer,common bean,,
-25.1667 -50.0833 B7000,2011 Summer..2012 Summer,common bean,,
-25.1667 -50.0833 B7000,2011 Summer..2012 Summer,common bean,,
-25.1667 -50.0833 B7000,2011 Summer..2012 Summer,common bean,,
-25.1667 -50.0833 B7000,2011 Summer..2012 Summer,common bean,,
-25.1667 -50.0833 B7000,2011 Summer..2012 Summer,common bean,,
-25.1667 -50.0833 B7000,2011 Summer..2012 Summer,common bean,,
-25.1667 -50.0833 B7000,2011 Summer..2012 Summer,common bean,,
-25.1667 -50.0833 B7000,2011 Summer..2012 Summer,common bean,,
-25.1667 -50.0833 B7000,2011 Summer..2012 Summer,common bean,,
-25.1667 -50.0833 B7000,2011 Summer..2012 Summer,common bean,,
-25.1667 -50.0833 B7000,2011 Summer..2012 Summer,common bean,,
-25.1667 -50.0833 B7000,2011 Summer..2012 Summer,common bean,,
-25.1667 -50.0833 B7000,2011 Summer..2012 Summer,common bean,,
-25.1667 -50.0833 B7000,2011 Summer..2012 Summer,common bean,,
-25.1667 -50.0833 B7000,2011 Summer..2012 Summer,common bean,,
-25.3833 -51.5000 B500,2010-11,common bean,,
-25.3833 -51.5000 B500,2010-11,common bean,,
-25.3833 -51.5000 B500,2010-11,common bean,,
-25.3833 -51.5000 B500,2010-11,common bean,,
-25.3833 -51.5000 B500,2010-11,common bean,,
-25.3833 -51.5000 B500,2010-11,common bean,,
-25.3833 -51.5000 B500,2010-11,common bean,,
-25.3833 -51.5000 B500,2010-11,common bean,,
-25.3833 -51.5000 B500,2010-11,common bean,,
-25.3833 -51.5000 B500,2010-11,common bean,,
-25.3833 -51.5000 B500,2010-11,common bean,,
-25.3833 -51.5000 B500,2010-11,common bean,,
-25.3833 -51.5000 B500,2010-11,common bean,,
-25.3833 -51.5000 B500,2010-11,common bean,,
-25.3833 -51.5000 B500,2010-11,common bean,,
-25.3833 -51.5000 B500,2010-11,common bean,,
-25.3833 -51.5000 B500,2010-11,common bean,,
-25.3833 -51.5000 B500,2010-11,common bean,,
-25.3833 -51.5000 B500,2010-11,common bean,,
-25.3833 -51.5000 B500,2010-11,common bean,,
-25.3833 -51.5000 B500,2010-11,common bean,,
-25.3833 -51.5000 B500,2010-11,common bean,,
-25.3833 -51.5000 B500,2010-11,common bean,,
-25.3833 -51.5000 B500,2010-11,common bean,,
-28.1864 -52.3263 B600,2002/2003,maize,,
-29.7180 -53.7331 B300,2014..2015,maize,,
-29.7180 -53.7331 B300,2014..2015,maize,,
-29.7180 -53.7331 B300,2014..2015,maize,,
-29.7180 -53.7331 B300,2014..2015,maize,,
-29.7180 -53.7331 B300,2014..2015,maize,,
-29.7180 -53.7331 B300,2014..2015,maize,,
-29.7180 -53.7331 B300,2014..2015,maize,,
-29.7180 -53.7331 B300,2014..2015,maize,,
-29.7180 -53.7331 B300,2014..2015,maize,,
-29.7180 -53.7331 B300,2014..2015,maize,,
-29.7180 -53.7331 B300,2014..2015,maize,,
-29.7180 -53.7331 B300,2014..2015,maize,,
-29.7180 -53.7331 B300,2014..2015,maize,,
-29.7180 -53.7331 B300,2014..2015,maize,,
-30.0910 -51.6790 B1000,1990.2..1991.1..1991.2..1992.1..1992.2..1993.1..1993.2..1994.1,maize,,
-30.0910 -51.6790 B1000,1990.2..1991.1..1991.2..1992.1..1992.2..1993.1..1993.2..1994.1,maize,,
-30.0910 -51.6790 B1000,1990.2..1991.1..1991.2..1992.1..1992.2..1993.1..1993.2..1994.1,maize,,
-30.0910 -51.6790 B1000,1990.2..1991.1..1991.2..1992.1..1992.2..1993.1..1993.2..1994.1,maize,,
-30.0910 -51.6790 B1000,1990.2..1991.1..1991.2..1992.1..1992.2..1993.1..1993.2..1994.1,maize,,
-30.0910 -51.6790 B1000,1990.2..1991.1..1991.2..1992.1..1992.2..1993.1..1993.2..1994.1,maize,,
-30.0910 -51.6790 B1000,1990.2..1991.1..1991.2..1992.1..1992.2..1993.1..1993.2..1994.1,maize,,
-30.0910 -51.6790 B1000,1990.2..1991.1..1991.2..1992.1..1992.2..1993.1..1993.2..1994.1,maize,,
-30.0910 -51.6790 B1000,1990.2..1991.1..1991.2..1992.1..1992.2..1993.1..1993.2..1994.1,maize,,
-30.0910 -51.6790 B1000,1990.2..1991.1..1991.2..1992.1..1992.2..1993.1..1993.2..1994.1,maize,,
-30.0910 -51.6790 B1000,1990.2..1991.1..1991.2..1992.1..1992.2..1993.1..1993.2..1994.1,maize,,
-30.0910 -51.6790 B1000,1990.2..1991.1..1991.2..1992.1..1992.2..1993.1..1993.2..1994.1,maize,,
-30.0910 -51.6790 B1000,1990.2..1991.1..1991.2..1992.1..1992.2..1993.1..1993.2..1994.1,maize,,
-30.0910 -51.6790 B1000,1990.2..1991.1..1991.2..1992.1..1992.2..1993.1..1993.2..1994.1,maize,,
-30.0910 -51.6790 B1000,1990.2..1991.1..1991.2..1992.1..1992.2..1993.1..1993.2..1994.1,maize,,
-30.0910 -51.6790 B1000,1990.2..1991.1..1991.2..1992.1..1992.2..1993.1..1993.2..1994.1,maize,,
-30.0910 -51.6790 B1000,1990.2..1991.1..1991.2..1992.1..1992.2..1993.1..1993.2..1994.1,maize,,
-30.0910 -51.6790 B1000,1990.2..1991.1..1991.2..1992.1..1992.2..1993.1..1993.2..1994.1,maize,,
-30.0910 -51.6790 B1000,1990.2..1991.1..1991.2..1992.1..1992.2..1993.1..1993.2..1994.1,maize,,
-30.0910 -51.6790 B1000,1990.2..1991.1..1991.2..1992.1..1992.2..1993.1..1993.2..1994.1,maize,,
-30.0910 -51.6790 B1000,1990.2..1991.1..1991.2..1992.1..1992.2..1993.1..1993.2..1994.1,maize,,
-30.0910 -51.6790 B1000,1990.2..1991.1..1991.2..1992.1..1992.2..1993.1..1993.2..1994.1,maize,,
-30.0910 -51.6790 B1000,1990.2..1991.1..1991.2..1992.1..1992.2..1993.1..1993.2..1994.1,maize,,
-30.0910 -51.6790 B1000,1990.2..1991.1..1991.2..1992.1..1992.2..1993.1..1993.2..1994.1,maize,,
-30.0910 -51.6790 B1000,1990.2..1991.1..1991.2..1992.1..1992.2..1993.1..1993.2..1994.1,maize,,
-30.0910 -51.6790 B1000,1990.2..1991.1..1991.2..1992.1..1992.2..1993.1..1993.2..1994.1,maize,,
-30.0910 -51.6790 B1000,1990.2..1991.1..1991.2..1992.1..1992.2..1993.1..1993.2..1994.1,maize,,
-30.0910 -51.6790 B1000,1990.2..1991.1..1991.2..1992.1..1992.2..1993.1..1993.2..1994.1,maize,,
-30.0910 -51.6790 B1000,1990.2..1991.1..1991.2..1992.1..1992.2..1993.1..1993.2..1994.1,maize,,
-30.0910 -51.6790 B1000,1990.2..1991.1..1991.2..1992.1..1992.2..1993.1..1993.2..1994.1,maize,,
-30.0910 -51.6790 B1000,1990.2..1991.1..1991.2..1992.1..1992.2..1993.1..1993.2..1994.1,maize,,
-30.0910 -51.6790 B1000,1990.2..1991.1..1991.2..1992.1..1992.2..1993.1..1993.2..1994.1,maize,,
-30.0910 -51.6790 B1000,1990.2..1991.1..1991.2..1992.1..1992.2..1993.1..1993.2..1994.1,maize,,
-30.0910 -51.6790 B1000,1990.2..1991.1..1991.2..1992.1..1992.2..1993.1..1993.2..1994.1,maize,,
-30.0910 -51.6790 B1000,1990.2..1991.1..1991.2..1992.1..1992.2..1993.1..1993.2..1994.1,maize,,
-30.0910 -51.6790 B1000,1990.2..1991.1..1991.2..1992.1..1992.2..1993.1..1993.2..1994.1,maize,,
-30.0910 -51.6790 B1000,1990.2..1991.1..1991.2..1992.1..1992.2..1993.1..1993.2..1994.1,maize,,
-30.0910 -51.6790 B1000,1990.2..1991.1..1991.2..1992.1..1992.2..1993.1..1993.2..1994.1,maize,,
-30.0910 -51.6790 B1000,1990.2..1991.1..1991.2..1992.1..1992.2..1993.1..1993.2..1994.1,maize,,
-30.0910 -51.6790 B1000,1990.2..1991.1..1991.2..1992.1..1992.2..1993.1..1993.2..1994.1,maize,,
-30.0910 -51.6790 B1000,1990.2..1991.1..1991.2..1992.1..1992.2..1993.1..1993.2..1994.1,maize,,
-30.0910 -51.6790 B1000,1990.2..1991.1..1991.2..1992.1..1992.2..1993.1..1993.2..1994.1,maize,,
-30.0910 -51.6790 B1000,1990.2..1991.1..1991.2..1992.1..1992.2..1993.1..1993.2..1994.1,maize,,
-30.0910 -51.6790 B1000,1990.2..1991.1..1991.2..1992.1..1992.2..1993.1..1993.2..1994.1,maize,,
-30.0910 -51.6790 B1000,1990.2..1991.1..1991.2..1992.1..1992.2..1993.1..1993.2..1994.1,maize,,
-30.0910 -51.6790 B1000,1990.2..1991.1..1991.2..1992.1..1992.2..1993.1..1993.2..1994.1,maize,,
-30.0910 -51.6790 B1000,1990.2..1991.1..1991.2..1992.1..1992.2..1993.1..1993.2..1994.1,maize,,
-30.0910 -51.6790 B1000,1990.2..1991.1..1991.2..1992.1..1992.2..1993.1..1993.2..1994.1,maize,,
-30.0910 -51.6790 B1000,1990.2..1991.1..1991.2..1992.1..1992.2..1993.1..1993.2..1994.1,maize,,
-30.0910 -51.6790 B1000,1990.2..1991.1..1991.2..1992.1..1992.2..1993.1..1993.2..1994.1,maize,,
-30.0910 -51.6790 B1000,1990.2..1991.1..1991.2..1992.1..1992.2..1993.1..1993.2..1994.1,maize,,
-30.0910 -51.6790 B1000,1990.2..1991.1..1991.2..1992.1..1992.2..1993.1..1993.2..1994.1,maize,,
-30.0910 -51.6790 B1000,1990.2..1991.1..1991.2..1992.1..1992.2..1993.1..1993.2..1994.1,maize,,
-30.0910 -51.6790 B1000,1990.2..1991.1..1991.2..1992.1..1992.2..1993.1..1993.2..1994.1,maize,,
-30.0910 -51.6790 B1000,1990.2..1991.1..1991.2..1992.1..1992.2..1993.1..1993.2..1994.1,maize,,
-30.0910 -51.6790 B1000,1990.2..1991.1..1991.2..1992.1..1992.2..1993.1..1993.2..1994.1,maize,,
-30.0910 -51.6790 B1000,1990.2..1991.1..1991.2..1992.1..1992.2..1993.1..1993.2..1994.1,maize,,
-30.0910 -51.6790 B1000,1990.2..1991.1..1991.2..1992.1..1992.2..1993.1..1993.2..1994.1,maize,,
-30.0910 -51.6790 B1000,1990.2..1991.1..1991.2..1992.1..1992.2..1993.1..1993.2..1994.1,maize,,
-30.0910 -51.6790 B1000,1990.2..1991.1..1991.2..1992.1..1992.2..1993.1..1993.2..1994.1,maize,,
-30.0910 -51.6790 B1000,1990.2..1991.1..1991.2..1992.1..1992.2..1993.1..1993.2..1994.1,maize,,
-30.0910 -51.6790 B1000,1990.2..1991.1..1991.2..1992.1..1992.2..1993.1..1993.2..1994.1,maize,,
-30.0910 -51.6790 B1000,1990.2..1991.1..1991.2..1992.1..1992.2..1993.1..1993.2..1994.1,maize,,
-30.0910 -51.6790 B1000,1990.2..1991.1..1991.2..1992.1..1992.2..1993.1..1993.2..1994.1,maize,,
-30.0910 -51.6790 B1000,1990.2..1991.1..1991.2..1992.1..1992.2..1993.1..1993.2..1994.1,maize,,
-30.0910 -51.6790 B1000,1990.2..1991.1..1991.2..1992.1..1992.2..1993.1..1993.2..1994.1,maize,,
-30.0910 -51.6790 B1000,1990.2..1991.1..1991.2..1992.1..1992.2..1993.1..1993.2..1994.1,maize,,
-30.0910 -51.6790 B1000,1990.2..1991.1..1991.2..1992.1..1992.2..1993.1..1993.2..1994.1,maize,,
-30.0910 -51.6790 B1000,1990.2..1991.1..1991.2..1992.1..1992.2..1993.1..1993.2..1994.1,maize,,
-30.8333 -51.6333 B500,1985.1..1985.2..1986.1..1986.2..1987.1..1987.2..1988.1..1988.2..1989.1..1989.2..1990.1..1990.2..1991.1..1991.2..1992.1..1992.2..1993.1..1993.2..1994.1..1994.2..1995.1..1995.2..1996.1..1996.2..1997.1..1997.2..1998.1..1998.2..1999.1..1999.2..2000.1..2000.2..2001.1..2001.2..2002.1..2002.2..2003.1..2003.2..2004.1..2004.2..2005.1..2005.2,maize,,
-30.8333 -51.6333 B500,1985.1..1985.2..1986.1..1986.2..1987.1..1987.2..1988.1..1988.2..1989.1..1989.2..1990.1..1990.2..1991.1..1991.2..1992.1..1992.2..1993.1..1993.2..1994.1..1994.2..1995.1..1995.2..1996.1..1996.2..1997.1..1997.2..1998.1..1998.2..1999.1..1999.2..2000.1..2000.2..2001.1..2001.2..2002.1..2002.2..2003.1..2003.2..2004.1..2004.2..2005.1..2005.2,maize,,
-30.8333 -51.6333 B500,1985.1..1985.2..1986.1..1986.2..1987.1..1987.2..1988.1..1988.2..1989.1..1989.2..1990.1..1990.2..1991.1..1991.2..1992.1..1992.2..1993.1..1993.2..1994.1..1994.2..1995.1..1995.2..1996.1..1996.2..1997.1..1997.2..1998.1..1998.2..1999.1..1999.2..2000.1..2000.2..2001.1..2001.2..2002.1..2002.2..2003.1..2003.2..2004.1..2004.2..2005.1..2005.2,maize,,
-30.8333 -51.6333 B500,1985.1..1985.2..1986.1..1986.2..1987.1..1987.2..1988.1..1988.2..1989.1..1989.2..1990.1..1990.2..1991.1..1991.2..1992.1..1992.2..1993.1..1993.2..1994.1..1994.2..1995.1..1995.2..1996.1..1996.2..1997.1..1997.2..1998.1..1998.2..1999.1..1999.2..2000.1..2000.2..2001.1..2001.2..2002.1..2002.2..2003.1..2003.2..2004.1..2004.2..2005.1..2005.2,maize,,
-30.8333 -51.6333 B500,1985.1..1985.2..1986.1..1986.2..1987.1..1987.2..1988.1..1988.2..1989.1..1989.2..1990.1..1990.2..1991.1..1991.2..1992.1..1992.2..1993.1..1993.2..1994.1..1994.2..1995.1..1995.2..1996.1..1996.2..1997.1..1997.2..1998.1..1998.2..1999.1..1999.2..2000.1..2000.2..2001.1..2001.2..2002.1..2002.2..2003.1..2003.2..2004.1..2004.2..2005.1..2005.2,maize,,
-30.8333 -51.6333 B500,1985.1..1985.2..1986.1..1986.2..1987.1..1987.2..1988.1..1988.2..1989.1..1989.2..1990.1..1990.2..1991.1..1991.2..1992.1..1992.2..1993.1..1993.2..1994.1..1994.2..1995.1..1995.2..1996.1..1996.2..1997.1..1997.2..1998.1..1998.2..1999.1..1999.2..2000.1..2000.2..2001.1..2001.2..2002.1..2002.2..2003.1..2003.2..2004.1..2004.2..2005.1..2005.2,maize,,
-30.8333 -51.6333 B500,1985.1..1985.2..1986.1..1986.2..1987.1..1987.2..1988.1..1988.2..1989.1..1989.2..1990.1..1990.2..1991.1..1991.2..1992.1..1992.2..1993.1..1993.2..1994.1..1994.2..1995.1..1995.2..1996.1..1996.2..1997.1..1997.2..1998.1..1998.2..1999.1..1999.2..2000.1..2000.2..2001.1..2001.2..2002.1..2002.2..2003.1..2003.2..2004.1..2004.2..2005.1..2005.2,maize,,
-30.8333 -51.6333 B500,1985.1..1985.2..1986.1..1986.2..1987.1..1987.2..1988.1..1988.2..1989.1..1989.2..1990.1..1990.2..1991.1..1991.2..1992.1..1992.2..1993.1..1993.2..1994.1..1994.2..1995.1..1995.2..1996.1..1996.2..1997.1..1997.2..1998.1..1998.2..1999.1..1999.2..2000.1..2000.2..2001.1..2001.2..2002.1..2002.2..2003.1..2003.2..2004.1..2004.2..2005.1..2005.2,maize,,
-5.0603 -37.3972 B200,unspecified,maize,,
-5.0603 -37.3972 B200,unspecified,maize,,
-5.0603 -37.3972 B200,unspecified,maize,,
-5.0603 -37.3972 B200,unspecified,maize,,
-5.0603 -37.3972 B200,unspecified,maize,,
-5.0603 -37.3972 B200,unspecified,maize,,
-5.0603 -37.3972 B200,unspecified,maize,,
-5.0603 -37.3972 B200,unspecified,maize,,
-5.0603 -37.3972 B200,unspecified,maize,,
-5.0603 -37.3972 B200,unspecified,maize,,
-5.0603 -37.3972 B200,unspecified,maize,,
-5.0603 -37.3972 B200,unspecified,maize,,
-5.0603 -37.3972 B200,unspecified,maize,,
-5.0603 -37.3972 B200,unspecified,maize,,
-5.0603 -37.3972 B200,unspecified,maize,,
-5.0603 -37.3972 B200,unspecified,maize,,
-5.0603 -37.3972 B200,unspecified,maize,,
-5.0603 -37.3972 B200,unspecified,maize,,
-5.0603 -37.3972 B200,unspecified,maize,,
-5.0603 -37.3972 B200,unspecified,maize,,
-5.0603 -37.3972 B200,unspecified,maize,,
-5.0603 -37.3972 B200,unspecified,maize,,
-5.0603 -37.3972 B200,unspecified,maize,,
-5.0603 -37.3972 B200,unspecified,maize,,
-5.0936 -37.8006 B1000,2012,maize,2012-04-01,2012-04-30
-5.0936 -37.8006 B1000,2012,maize,2012-04-01,2012-04-30
-5.0936 -37.8006 B1000,2012,maize,2012-04-01,2012-04-30
-5.0936 -37.8006 B1000,2012,maize,2012-04-01,2012-04-30
-5.0936 -37.8006 B1000,2012,maize,2012-04-01,2012-04-30
-5.0936 -37.8006 B1000,2012,maize,2012-04-01,2012-04-30
-5.0936 -37.8006 B1000,2012,maize,2012-04-01,2012-04-30
-5.0936 -37.8006 B1000,2012,maize,2012-04-01,2012-04-30
-5.0936 -37.8006 B1000,2012,maize,2012-04-01,2012-04-30
-5.0936 -37.8006 B1000,2012,maize,2012-04-01,2012-04-30
-5.0936 -37.8006 B1000,2012,maize,2012-04-01,2012-04-30
-5.0936 -37.8006 B1000,2012,maize,2012-04-01,2012-04-30
-5.0936 -37.8006 B1000,2012,maize,2012-04-01,2012-04-30
-5.0936 -37.8006 B1000,2012,maize,2012-04-01,2012-04-30
-5.0936 -37.8006 B1000,2012,maize,2012-04-01,2012-04-30
-5.0936 -37.8006 B1000,2012,maize,2012-04-01,2012-04-30
-5.0936 -37.8006 B1000,2012,maize,2012-04-01,2012-04-30
-5.0936 -37.8006 B1000,2012,maize,2012-04-01,2012-04-30
-5.0936 -37.8006 B1000,2012,maize,2012-04-01,2012-04-30
-5.0936 -37.8006 B1000,2012,maize,2012-04-01,2012-04-30
-5.0936 -37.8006 B1000,2012,maize,2012-04-01,2012-04-30
-7.0866 -41.4584 B80000,1998,maize,1998-01-21,1998-01-21
-7.0866 -41.4584 B80000,1998,maize,1998-01-21,1998-01-21
-7.0866 -41.4584 B80000,1998,maize,1998-01-21,1998-01-21
-7.0866 -41.4584 B80000,2000,maize,2000-01-23,2000-01-23
-7.0866 -41.4584 B80000,2000,maize,2000-01-23,2000-01-23
-7.0866 -41.4584 B80000,2000,maize,2000-01-23,2000-01-23
-7.0866 -41.4584 B80000,2000,maize,2000-01-23,2000-01-23
-7.0866 -41.4584 B80000,2000,maize,2000-01-23,2000-01-23
-7.0866 -41.4584 B80000,2000,maize,2000-01-23,2000-01-23
-7.0866 -41.4584 B80000,2000,maize,2000-01-23,2000-01-23
-7.0866 -41.4584 B80000,2000,maize,2000-01-23,2000-01-23
-7.0866 -41.4584 B80000,2000,maize,2000-01-23,2000-01-23
-7.0866 -41.4584 B80000,2000,maize,2000-01-23,2000-01-23
01.6167 -75.6000 B895,2018..2019,common bean,,
01.6167 -75.6000 B895,2018..2019,common bean,,
01.6167 -75.6000 B895,2018..2019,common bean,,
01.6167 -75.6000 B895,2018..2019,common bean,,
01.6167 -75.6000 B895,2018..2019,common bean,,
01.6167 -75.6000 B895,2018..2019,common bean,,
01.6167 -75.6000 B895,2018..2019,common bean,,
01.6167 -75.6000 B895,2018..2019,common bean,,
01.6167 -75.6000 B895,2018..2019,maize,,
01.6167 -75.6000 B895,2018..2019,maize,,
01.6167 -75.6000 B895,2018..2019,maize,,
01.6167 -75.6000 B895,2018..2019,maize,,
01.6167 -75.6000 B895,2018..2019,maize,,
01.6167 -75.6000 B895,2018..2019,maize,,
01.6167 -75.6000 B895,2018..2019,maize,,
01.6167 -75.6000 B895,2018..2019,maize,,
09.8875 -83.6602 B1500,2003..2004..2005..2006..2007..2008..2009,coffee,,
09.8875 -83.6602 B1500,2003..2004..2005..2006..2007..2008..2009,coffee,,
09.8875 -83.6602 B1500,2003..2004..2005..2006..2007..2008..2009,coffee,,
09.8875 -83.6602 B1500,2003..2004..2005..2006..2007..2008..2009,coffee,,
09.8875 -83.6602 B1500,2003..2004..2005..2006..2007..2008..2009,coffee,,
09.8875 -83.6602 B1500,2003..2004..2005..2006..2007..2008..2009,coffee,,
09.8875 -83.6602 B1500,2012,coffee,,
10.0360 -84.1356 B200,2000,coffee,1997-01-01,1997-12-31
10.0360 -84.1356 B200,2000,coffee,1997-01-01,1997-12-31
10.0360 -84.1356 B200,2001,coffee,1997-01-01,1997-12-31
10.0360 -84.1356 B200,2001,coffee,1997-01-01,1997-12-31
10.0360 -84.1356 B200,2002,coffee,1997-01-01,1997-12-31
10.0360 -84.1356 B200,2002,coffee,1997-01-01,1997-12-31
10.0360 -84.1356 B200,2003,coffee,1997-01-01,1997-12-31
10.0360 -84.1356 B200,2003,coffee,1997-01-01,1997-12-31
10.0360 -84.1356 B200,2004,coffee,1997-01-01,1997-12-31
10.0360 -84.1356 B200,2004,coffee,1997-01-01,1997-12-31
10.0360 -84.1356 B200,2005,coffee,1997-01-01,1997-12-31
10.0360 -84.1356 B200,2005,coffee,1997-01-01,1997-12-31
11.9000 -86.1500 B250,1994.2..1995.2..1996.2,common bean,,
11.9000 -86.1500 B250,1994.2..1995.2..1996.2,common bean,,
11.9000 -86.1500 B250,1994.2..1995.2..1996.2,common bean,,
11.9000 -86.1500 B250,1994.2..1995.2..1996.2,common bean,,
11.9000 -86.1500 B250,1994.2..1995.2..1996.2,common bean,,
11.9000 -86.1500 B250,1994.2..1995.2..1996.2,common bean,,
11.9000 -86.1500 B250,1994.2..1995.2..1996.2,common bean,,
11.9000 -86.1500 B250,1994.2..1995.2..1996.2,common bean,,
11.9000 -86.1500 B250,1994.2..1995.2..1996.2,common bean,,
11.9000 -86.1500 B250,1994.2..1995.2..1996.2,common bean,,
11.9000 -86.1500 B250,1994.2..1995.2..1996.2,common bean,,
11.9000 -86.1500 B250,1994.2..1995.2..1996.2,common bean,,
11.9000 -86.1500 B250,1994.2..1995.2..1996.2,common bean,,
11.9000 -86.1500 B250,1994.2..1995.2..1996.2,common bean,,
11.9000 -86.1500 B250,1994.2..1995.2..1996.2,common bean,,
11.9000 -86.1500 B250,1994.2..1995.2..1996.2,common bean,,
11.9000 -86.1500 B250,1994.2..1995.2..1996.2,common bean,,
11.9000 -86.1500 B250,1994.2..1995.2..1996.2,common bean,,
11.9000 -86.1500 B250,1994.2..1995.2..1996.2,common bean,,
11.9000 -86.1500 B250,1994.2..1995.2..1996.2,common bean,,
11.9000 -86.1500 B250,1994.2..1995.2..1996.2,common bean,,
15.7387 -86.8500 B500,2015,maize,2015-05-01,2015-07-31
15.7387 -86.8500 B500,2015,maize,2015-05-01,2015-07-31
15.7387 -86.8500 B500,2015,maize,2015-05-01,2015-07-31
15.7387 -86.8500 B500,2015,maize,2015-05-01,2015-07-31
16.2333 -93.2833 B1000,2012S..2013S,maize,,
16.2333 -93.2833 B1000,2012S..2013S,maize,,
16.9471 -96.7646 B5000,2017,maize,,
16.9471 -96.7646 B5000,2017,maize,,
16.9471 -96.7646 B5000,2017,maize,,
16.9471 -96.7646 B5000,2017,maize,,
16.9471 -96.7646 B5000,2017,maize,,
16.9471 -96.7646 B5000,2018,maize,,
16.9471 -96.7646 B5000,2018,maize,,
16.9471 -96.7646 B5000,2018,maize,,
16.9471 -96.7646 B5000,2018,maize,,
16.9471 -96.7646 B5000,2018,maize,,
18.2428 -73.7438 B1000,1998.1..1998.2..1999.1,maize,,
18.2428 -73.7438 B1000,1998.1..1998.2..1999.1,maize,,
18.2428 -73.7438 B1000,1998.1..1998.2..1999.1,maize,,
18.2428 -73.7438 B1000,1998.1..1998.2..1999.1,maize,,
18.2428 -73.7438 B1000,1998.1..1998.2..1999.1,maize,,
18.2428 -73.7438 B1000,1998.1..1998.2..1999.1,maize,,
18.2428 -73.7438 B1000,1998.1..1998.2..1999.1,maize,,
18.2428 -73.7438 B1000,1998.1..1998.2..1999.1,maize,,
18.2428 -73.7438 B1000,1998.1..1998.2..1999.1,maize,,
18.2428 -73.7438 B1000,1998.1..1998.2..1999.1,maize,,
18.2428 -73.7438 B1000,1998.1..1998.2..1999.1,maize,,
18.2428 -73.7438 B1000,1998.1..1998.2..1999.1,maize,,
18.2428 -73.7438 B1000,1998.1..1998.2..1999.1,maize,,
18.2428 -73.7438 B1000,1998.1..1998.2..1999.1,maize,,
18.2428 -73.7438 B1000,1998.1..1998.2..1999.1,maize,,
18.2428 -73.7438 B1000,1998.1..1998.2..1999.1,maize,,
18.2428 -73.7438 B1000,1998.1..1998.2..1999.1,maize,,
18.2428 -73.7438 B1000,1998.1..1998.2..1999.1,maize,,
18.2428 -73.7438 B1000,1998.1..1998.2..1999.1,maize,,
18.2428 -73.7438 B1000,1998.1..1998.2..1999.1,maize,,
18.2428 -73.7438 B1000,1998.1..1998.2..1999.1,maize,,
18.2428 -73.7438 B1000,1998.1..1998.2..1999.1,maize,,
18.2428 -73.7438 B1000,1998.1..1998.2..1999.1,maize,,
18.2428 -73.7438 B1000,1998.1..1998.2..1999.1,maize,,
18.2428 -73.7438 B1000,1998.1..1998.2..1999.1,maize,,
18.2428 -73.7438 B1000,1998.1..1998.2..1999.1,maize,,
18.2428 -73.7438 B1000,1998.1..1998.2..1999.1,maize,,
18.2428 -73.7438 B1000,1998.1..1998.2..1999.1,maize,,
18.2428 -73.7438 B1000,1998.1..1998.2..1999.1,maize,,
18.2428 -73.7438 B1000,1998.1..1998.2..1999.1,maize,,
18.2428 -73.7438 B1000,1998.1..1998.2..1999.1,maize,,
18.2428 -73.7438 B1000,1998.1..1998.2..1999.1,maize,,
18.2428 -73.7438 B1000,1998.1..1998.2..1999.1,maize,,
18.2428 -73.7438 B1000,1998.1..1998.2..1999.1,maize,,
18.2428 -73.7438 B1000,1998.1..1998.2..1999.1,maize,,
18.2428 -73.7438 B1000,1998.1..1998.2..1999.1,maize,,
18.2428 -73.7438 B1000,1998.1..1998.2..1999.1,maize,,
18.2428 -73.7438 B1000,1998.1..1998.2..1999.1,maize,,
18.2428 -73.7438 B1000,1998.1..1998.2..1999.1,maize,,
18.2428 -73.7438 B1000,1998.1..1998.2..1999.1,maize,,
18.2566 -73.4972 B1000,1998.1..1998.2..1999.1,maize,,
18.2566 -73.4972 B1000,1998.1..1998.2..1999.1,maize,,
18.2566 -73.4972 B1000,1998.1..1998.2..1999.1,maize,,
18.2566 -73.4972 B1000,1998.1..1998.2..1999.1,maize,,
18.2566 -73.4972 B1000,1998.1..1998.2..1999.1,maize,,
18.2566 -73.4972 B1000,1998.1..1998.2..1999.1,maize,,
18.2566 -73.4972 B1000,1998.1..1998.2..1999.1,maize,,
18.2566 -73.4972 B1000,1998.1..1998.2..1999.1,maize,,
18.2566 -73.4972 B1000,1998.1..1998.2..1999.1,maize,,
18.2566 -73.4972 B1000,1998.1..1998.2..1999.1,maize,,
18.2566 -73.4972 B1000,1998.1..1998.2..1999.1,maize,,
18.2566 -73.4972 B1000,1998.1..1998.2..1999.1,maize,,
18.2566 -73.4972 B1000,1998.1..1998.2..1999.1,maize,,
18.2566 -73.4972 B1000,1998.1..1998.2..1999.1,maize,,
18.2566 -73.4972 B1000,1998.1..1998.2..1999.1,maize,,
18.2566 -73.4972 B1000,1998.1..1998.2..1999.1,maize,,
18.2566 -73.4972 B1000,1998.1..1998.2..1999.1,maize,,
18.2566 -73.4972 B1000,1998.1..1998.2..1999.1,maize,,
18.2566 -73.4972 B1000,1998.1..1998.2..1999.1,maize,,
18.2566 -73.4972 B1000,1998.1..1998.2..1999.1,maize,,
18.2566 -73.4972 B1000,1998.1..1998.2..1999.1,maize,,
18.2566 -73.4972 B1000,1998.1..1998.2..1999.1,maize,,
18.2566 -73.4972 B1000,1998.1..1998.2..1999.1,maize,,
18.2566 -73.4972 B1000,1998.1..1998.2..1999.1,maize,,
18.2566 -73.4972 B1000,1998.1..1998.2..1999.1,maize,,
18.2566 -73.4972 B1000,1998.1..1998.2..1999.1,maize,,
18.2566 -73.4972 B1000,1998.1..1998.2..1999.1,maize,,
18.2566 -73.4972 B1000,1998.1..1998.2..1999.1,maize,,
18.2566 -73.4972 B1000,1998.1..1998.2..1999.1,maize,,
18.2566 -73.4972 B1000,1998.1..1998.2..1999.1,maize,,
18.2566 -73.4972 B1000,1998.1..1998.2..1999.1,maize,,
18.2566 -73.4972 B1000,1998.1..1998.2..1999.1,maize,,
18.2566 -73.4972 B1000,1998.1..1998.2..1999.1,maize,,
18.2566 -73.4972 B1000,1998.1..1998.2..1999.1,maize,,
18.2566 -73.4972 B1000,1998.1..1998.2..1999.1,maize,,
18.2566 -73.4972 B1000,1998.1..1998.2..1999.1,maize,,
18.2566 -73.4972 B1000,1998.1..1998.2..1999.1,maize,,
18.2566 -73.4972 B1000,1998.1..1998.2..1999.1,maize,,
18.2566 -73.4972 B1000,1998.1..1998.2..1999.1,maize,,
18.2566 -73.4972 B1000,1998.1..1998.2..1999.1,maize,,
18.4068 -73.2258 B4000,1998.1..1998.2..1999.1,maize,,
18.4068 -73.2258 B4000,1998.1..1998.2..1999.1,maize,,
18.4068 -73.2258 B4000,1998.1..1998.2..1999.1,maize,,
18.4068 -73.2258 B4000,1998.1..1998.2..1999.1,maize,,
18.4068 -73.2258 B4000,1998.1..1998.2..1999.1,maize,,
18.4068 -73.2258 B4000,1998.1..1998.2..1999.1,maize,,
18.4068 -73.2258 B4000,1998.1..1998.2..1999.1,maize,,
18.4068 -73.2258 B4000,1998.1..1998.2..1999.1,maize,,
18.4068 -73.2258 B4000,1998.1..1998.2..1999.1,maize,,
18.4068 -73.2258 B4000,1998.1..1998.2..1999.1,maize,,
18.4068 -73.2258 B4000,1998.1..1998.2..1999.1,maize,,
18.4068 -73.2258 B4000,1998.1..1998.2..1999.1,maize,,
18.4068 -73.2258 B4000,1998.1..1998.2..1999.1,maize,,
18.4068 -73.2258 B4000,1998.1..1998.2..1999.1,maize,,
18.4068 -73.2258 B4000,1998.1..1998.2..1999.1,maize,,
18.4068 -73.2258 B4000,1998.1..1998.2..1999.1,maize,,
18.4068 -73.2258 B4000,1998.1..1998.2..1999.1,maize,,
18.4068 -73.2258 B4000,1998.1..1998.2..1999.1,maize,,
18.4068 -73.2258 B4000,1998.1..1998.2..1999.1,maize,,
18.4068 -73.2258 B4000,1998.1..1998.2..1999.1,maize,,
18.4068 -73.2258 B4000,1998.1..1998.2..1999.1,maize,,
18.4068 -73.2258 B4000,1998.1..1998.2..1999.1,maize,,
19.4167 -101.6000 B1000,1997..1998,maize,,
19.4167 -101.6000 B1000,1997..1998,maize,,
19.4167 -101.6000 B1000,1997..1998,maize,,
19.4167 -101.6000 B1000,1997..1998,maize,,
19.5293 -98.8460 B300,2001..2002..2003..2004,maize,,
19.5293 -98.8460 B300,2001..2002..2003..2004,maize,,
19.5293 -98.8460 B300,2001..2002..2003..2004,maize,,
19.5293 -98.8460 B300,2001..2002..2003..2004,maize,,
19.5293 -98.8460 B300,2001..2002..2003..2004,maize,,
19.5293 -98.8460 B300,2001..2002..2003..2004,maize,,
19.5293 -98.8460 B300,2001..2002..2003..2004,maize,,
19.5293 -98.8460 B300,2001..2002..2003..2004,maize,,
19.5293 -98.8460 B300,2001..2002..2003..2004,maize,,
19.5293 -98.8460 B300,2001..2002..2003..2004,maize,,
19.5293 -98.8460 B300,2001..2002..2003..2004,maize,,
19.5293 -98.8460 B300,2001..2002..2003..2004,maize,,
19.5293 -98.8460 B300,2001..2002..2003..2004,maize,,
19.5293 -98.8460 B300,2001..2002..2003..2004,maize,,
19.5293 -98.8460 B300,2001..2002..2003..2004,maize,,
19.5293 -98.8460 B300,2001..2002..2003..2004,maize,,
19.5293 -98.8460 B300,2001..2002..2003..2004,maize,,
19.6556 -98.5181 B200,2019,maize,2019-03-01,2019-04-01
19.6556 -98.5181 B200,2019,maize,2019-03-01,2019-04-01
19.6556 -98.5181 B200,2019,maize,2019-03-01,2019-04-01
19.6556 -98.5181 B200,2019,maize,2019-03-01,2019-04-01
19.6556 -98.5181 B200,2019,maize,2019-03-01,2019-04-01
19.6556 -98.5181 B200,2019,maize,2019-03-01,2019-04-01
19.6556 -98.5181 B200,2019,maize,2019-03-01,2019-04-01
19.6556 -98.5181 B200,2019,maize,2019-03-01,2019-04-01
19.6556 -98.5181 B200,2019,maize,2019-03-01,2019-04-01
19.6556 -98.5181 B200,2019,maize,2019-03-01,2019-04-01
20.5793 -100.8193 B1050,1996-S,maize,1996-05-01,1996-05-31
20.5793 -100.8193 B1050,1996-S,maize,1996-05-01,1996-05-31
20.5793 -100.8193 B300,2008S,maize,2007-03-01,2007-03-31
20.5793 -100.8193 B300,2008S,maize,2007-03-01,2007-03-31
20.5948 -100.8207 B1000,2012S..2013S,maize,,
20.5948 -100.8207 B1000,2012S..2013S,maize,,
22.2265 -100.8491 B200,1997R,maize,,
22.2265 -100.8491 B200,1997R,maize,,
22.2265 -100.8491 B200,1997R,maize,,
22.2265 -100.8491 B200,1997R,maize,,
22.2265 -100.8491 B200,1997R,maize,,
22.2265 -100.8491 B200,1997R,maize,,
22.2265 -100.8491 B200,1997R,maize,,
22.2265 -100.8491 B200,1997R,maize,,
22.2265 -100.8491 B200,1997R,maize,,
22.2265 -100.8491 B200,1997R,maize,,
22.2265 -100.8491 B200,1998R,maize,,
22.2265 -100.8491 B200,1998R,maize,,
22.2265 -100.8491 B200,1998R,maize,,
22.2265 -100.8491 B200,1998R,maize,,
22.2265 -100.8491 B200,1998R,maize,,
22.2265 -100.8491 B200,1998R,maize,,
22.2265 -100.8491 B200,1998R,maize,,
22.2265 -100.8491 B200,1998R,maize,,
22.2265 -100.8491 B200,1998R,maize,,
22.2265 -100.8491 B200,1998R,maize,,
22.2265 -100.8491 B200,1999R,maize,,
22.2265 -100.8491 B200,1999R,maize,,
22.2265 -100.8491 B200,1999R,maize,,
22.2265 -100.8491 B200,1999R,maize,,
22.2265 -100.8491 B200,1999R,maize,,
22.2265 -100.8491 B200,1999R,maize,,
22.2265 -100.8491 B200,1999R,maize,,
22.2265 -100.8491 B200,1999R,maize,,
22.2265 -100.8491 B200,1999R,maize,,
22.2265 -100.8491 B200,1999R,maize,,
22.2265 -100.8491 B200,2000R,maize,,
22.2265 -100.8491 B200,2000R,maize,,
22.2265 -100.8491 B200,2000R,maize,,
22.2265 -100.8491 B200,2000R,maize,,
22.2265 -100.8491 B200,2000R,maize,,
22.2265 -100.8491 B200,2000R,maize,,
22.2265 -100.8491 B200,2000R,maize,,
22.2265 -100.8491 B200,2000R,maize,,
22.2265 -100.8491 B200,2000R,maize,,
22.2265 -100.8491 B200,2000R,maize,,
22.2265 -100.8491 B200,2001R,maize,,
22.2265 -100.8491 B200,2001R,maize,,
22.2265 -100.8491 B200,2001R,maize,,
22.2265 -100.8491 B200,2001R,maize,,
22.2265 -100.8491 B200,2001R,maize,,
22.2265 -100.8491 B200,2001R,maize,,
22.2265 -100.8491 B200,2001R,maize,,
22.2265 -100.8491 B200,2001R,maize,,
22.2265 -100.8491 B200,2001R,maize,,
22.2265 -100.8491 B200,2001R,maize,,
22.2265 -100.8491 B200,2002R,maize,,
22.2265 -100.8491 B200,2002R,maize,,
22.2265 -100.8491 B200,2002R,maize,,
22.2265 -100.8491 B200,2002R,maize,,
22.2265 -100.8491 B200,2002R,maize,,
22.2265 -100.8491 B200,2002R,maize,,
22.2265 -100.8491 B200,2002R,maize,,
22.2265 -100.8491 B200,2002R,maize,,
22.2265 -100.8491 B200,2002R,maize,,
22.2265 -100.8491 B200,2002R,maize,,
22.2265 -100.8491 B200,2003R,maize,,
22.2265 -100.8491 B200,2003R,maize,,
22.2265 -100.8491 B200,2003R,maize,,
22.2265 -100.8491 B200,2003R,maize,,
22.2265 -100.8491 B200,2003R,maize,,
22.2265 -100.8491 B200,2003R,maize,,
22.2265 -100.8491 B200,2003R,maize,,
22.2265 -100.8491 B200,2003R,maize,,
22.2265 -100.8491 B200,2003R,maize,,
22.2265 -100.8491 B200,2003R,maize,,
22.2265 -100.8491 B200,2004R,maize,,
22.2265 -100.8491 B200,2004R,maize,,
22.2265 -100.8491 B200,2004R,maize,,
22.2265 -100.8491 B200,2004R,maize,,
22.2265 -100.8491 B200,2004R,maize,,
22.2265 -100.8491 B200,2004R,maize,,
22.2265 -100.8491 B200,2004R,maize,,
22.2265 -100.8491 B200,2004R,maize,,
22.2265 -100.8491 B200,2004R,maize,,
22.2265 -100.8491 B200,2004R,maize,,
22.2265 -100.8491 B200,2005R,maize,,
22.2265 -100.8491 B200,2005R,maize,,
22.2265 -100.8491 B200,2005R,maize,,
22.2265 -100.8491 B200,2005R,maize,,
22.2265 -100.8491 B200,2005R,maize,,
22.2265 -100.8491 B200,2005R,maize,,
22.2265 -100.8491 B200,2005R,maize,,
22.2265 -100.8491 B200,2005R,maize,,
22.2265 -100.8491 B200,2005R,maize,,
22.2265 -100.8491 B200,2005R,maize,,
22.2265 -100.8491 B200,2006R,maize,,
22.2265 -100.8491 B200,2006R,maize,,
22.2265 -100.8491 B200,2006R,maize,,
22.2265 -100.8491 B200,2006R,maize,,
22.2265 -100.8491 B200,2006R,maize,,
22.2265 -100.8491 B200,2006R,maize,,
22.2265 -100.8491 B200,2006R,maize,,
22.2265 -100.8491 B200,2006R,maize,,
22.2265 -100.8491 B200,2006R,maize,,
22.2265 -100.8491 B200,2006R,maize,,
22.2265 -100.8491 B200,2007R,maize,,
22.2265 -100.8491 B200,2007R,maize,,
22.2265 -100.8491 B200,2007R,maize,,
22.2265 -100.8491 B200,2007R,maize,,
22.2265 -100.8491 B200,2007R,maize,,
22.2265 -100.8491 B200,2007R,maize,,
22.2265 -100.8491 B200,2007R,maize,,
22.2265 -100.8491 B200,2007R,maize,,
22.2265 -100.8491 B200,2007R,maize,,
22.2265 -100.8491 B200,2007R,maize,,
22.2265 -100.8491 B200,2008R,maize,,
22.2265 -100.8491 B200,2008R,maize,,
22.2265 -100.8491 B200,2008R,maize,,
22.2265 -100.8491 B200,2008R,maize,,
22.2265 -100.8491 B200,2008R,maize,,
22.2265 -100.8491 B200,2008R,maize,,
22.2265 -100.8491 B200,2008R,maize,,
22.2265 -100.8491 B200,2008R,maize,,
22.2265 -100.8491 B200,2008R,maize,,
22.2265 -100.8491 B200,2008R,maize,,
22.2265 -100.8491 B200,2012R,maize,,
22.2265 -100.8491 B200,2012R,maize,,
22.2265 -100.8491 B200,2012R,maize,,
22.2265 -100.8491 B200,2012R,maize,,
22.2265 -100.8491 B200,2012R,maize,,
22.2265 -100.8491 B200,2012R,maize,,
22.2265 -100.8491 B200,2012R,maize,,
22.2265 -100.8491 B200,2012R,maize,,
22.2265 -100.8491 B200,2012R,maize,,
22.2265 -100.8491 B200,2012R,maize,,
22.2265 -100.8491 B200,2013R,maize,,
22.2265 -100.8491 B200,2013R,maize,,
22.2265 -100.8491 B200,2013R,maize,,
22.2265 -100.8491 B200,2013R,maize,,
22.2265 -100.8491 B200,2013R,maize,,
22.2265 -100.8491 B200,2013R,maize,,
22.2265 -100.8491 B200,2013R,maize,,
22.2265 -100.8491 B200,2013R,maize,,
22.2265 -100.8491 B200,2013R,maize,,
22.2265 -100.8491 B200,2013R,maize,,
22.2265 -100.8491 B200,2014R,maize,,
22.2265 -100.8491 B200,2014R,maize,,
22.2265 -100.8491 B200,2014R,maize,,
22.2265 -100.8491 B200,2014R,maize,,
22.2265 -100.8491 B200,2014R,maize,,
22.2265 -100.8491 B200,2014R,maize,,
22.2265 -100.8491 B200,2014R,maize,,
22.2265 -100.8491 B200,2014R,maize,,
22.2265 -100.8491 B200,2014R,maize,,
22.2265 -100.8491 B200,2014R,maize,,
22.2265 -100.8491 B200,2015R,maize,,
22.2265 -100.8491 B200,2015R,maize,,
22.2265 -100.8491 B200,2015R,maize,,
22.2265 -100.8491 B200,2015R,maize,,
22.2265 -100.8491 B200,2015R,maize,,
22.2265 -100.8491 B200,2015R,maize,,
22.2265 -100.8491 B200,2015R,maize,,
22.2265 -100.8491 B200,2015R,maize,,
22.2265 -100.8491 B200,2015R,maize,,
22.2265 -100.8491 B200,2015R,maize,,
22.2265 -100.8491 B200,2016R,maize,,
22.2265 -100.8491 B200,2016R,maize,,
22.2265 -100.8491 B200,2016R,maize,,
22.2265 -100.8491 B200,2016R,maize,,
22.2265 -100.8491 B200,2016R,maize,,
22.2265 -100.8491 B200,2016R,maize,,
22.2265 -100.8491 B200,2016R,maize,,
22.2265 -100.8491 B200,2016R,maize,,
22.2265 -100.8491 B200,2016R,maize,,
22.2265 -100.8491 B200,2016R,maize,,
22.2265 -100.8491 B200,2017R,maize,,
22.2265 -100.8491 B200,2017R,maize,,
22.2265 -100.8491 B200,2017R,maize,,
22.2265 -100.8491 B200,2017R,maize,,
22.2265 -100.8491 B200,2017R,maize,,
22.2265 -100.8491 B200,2017R,maize,,
22.2265 -100.8491 B200,2017R,maize,,
22.2265 -100.8491 B200,2017R,maize,,
22.2265 -100.8491 B200,2017R,maize,,
22.2265 -100.8491 B200,2017R,maize,,
25.3535 -101.0313 B800,2013,maize,2013-01-01,2013-12-31
25.3535 -101.0313 B800,2013,maize,2013-01-01,2013-12-31
25.3535 -101.0313 B800,2014,maize,2014-01-01,2014-12-31
25.3535 -101.0313 B800,2014,maize,2014-01-01,2014-12-31
25.5329 -103.2416 B200,2006,maize,2006-05-16,2006-05-16
25.5329 -103.2416 B200,2006,maize,2006-05-16,2006-05-16
25.5329 -103.2416 B200,2006,maize,2006-05-16,2006-05-16
25.5329 -103.2416 B200,2006,maize,2006-05-16,2006-05-16
25.5329 -103.2416 B200,2006,maize,2006-05-16,2006-05-16
25.5329 -103.2416 B200,2007,maize,2007-05-18,2007-05-18
25.5329 -103.2416 B200,2007,maize,2007-05-18,2007-05-18
25.5329 -103.2416 B200,2007,maize,2007-05-18,2007-05-18
25.5329 -103.2416 B200,2007,maize,2007-05-18,2007-05-18
25.5329 -103.2416 B200,2007,maize,2007-05-18,2007-05-18
27.3677 -109.9278 B600,2015..2016..2017,maize,,
27.3677 -109.9278 B600,2015..2016..2017,maize,,
27.3677 -109.9278 B600,2015W..2016W..2017W,maize,,
27.3677 -109.9278 B600,2015W..2016W..2017W,maize,,
27.3677 -109.9278 B600,2015W..2016W..2017W,maize,,
27.3677 -109.9278 B600,2015W..2016W..2017W,maize,,
27.3677 -109.9278 B600,2015W..2016W..2017W,maize,,
27.3677 -109.9278 B600,2015W..2016W..2017W,maize,,
27.3677 -109.9278 B600,2015W..2016W..2017W,maize,,
27.3677 -109.9278 B600,2015W..2016W..2017W,maize,,
27.3841 -109.9142 B200,2017W..2018W..2019W..2020W,maize,,
27.3841 -109.9142 B200,2017W..2018W..2019W..2020W,maize,,
